,artist,top genre,year released,bpm,top year,artist type
0,3OH!3,dance pop,2009.0,140.0,2010.0,Duo
1,3OH!3,dance pop,2010.0,138.0,2010.0,Duo
2,Aloe Blacc,pop soul,2010.0,95.0,2010.0,Solo
3,B.o.B,atl hip hop,2010.0,93.0,2010.0,Solo
4,B.o.B,atl hip hop,2010.0,104.0,2010.0,Solo
5,B.o.B,atl hip hop,2010.0,82.0,2010.0,Solo
6,Black Eyed Peas,dance pop,2010.0,128.0,2010.0,Band/Group
7,Black Eyed Peas,dance pop,2009.0,92.0,2010.0,Band/Group
8,Bruno Mars,dance pop,2010.0,146.0,2010.0,Solo
9,Bruno Mars,dance pop,2010.0,109.0,2010.0,Solo
10,Cali Swag District,pop rap,2011.0,85.0,2010.0,Band/Group
11,CeeLo Green,atl hip hop,2010.0,127.0,2010.0,Solo
12,Chris Brown,dance pop,2011.0,74.0,2010.0,Solo
13,David Guetta,big room,2009.0,130.0,2010.0,Solo
14,David Guetta,big room,2009.0,130.0,2010.0,Solo
15,DJ Khaled,dance pop,2010.0,150.0,2010.0,Solo
16,Drake,canadian hip hop,2010.0,100.0,2010.0,Solo
17,Drake,canadian hip hop,2010.0,96.0,2010.0,Solo
18,Duck Sauce,disco house,2010.0,128.0,2010.0,Duo
19,Edward Maya,romanian house,2010.0,127.0,2010.0,Solo
20,Eliza Doolittle,lilith,2010.0,133.0,2010.0,Solo
21,Ellie Goulding,dance pop,2010.0,150.0,2010.0,Solo
22,Eminem,detroit hip hop,2010.0,87.0,2010.0,Solo
23,Eminem,detroit hip hop,2010.0,115.0,2010.0,Solo
24,Enrique Iglesias,dance pop,2010.0,129.0,2010.0,Solo
25,Example,dance pop,2010.0,126.0,2010.0,Solo
26,Far East Movement,asian american hip hop,2010.0,125.0,2010.0,Band/Group
27,Flo Rida,dance pop,2010.0,128.0,2010.0,Solo
28,INNA,dance pop,2010.0,128.0,2010.0,Solo
29,Iyaz,dance pop,2009.0,91.0,2010.0,Solo
30,Jason Derulo,dance pop,2010.0,144.0,2010.0,Solo
31,Jason Derulo,dance pop,2010.0,89.0,2010.0,Solo
32,Jason Derulo,dance pop,2010.0,110.0,2010.0,Solo
33,Jay Sean,dance pop,2009.0,132.0,2010.0,Solo
34,Jay Sean,dance pop,2009.0,126.0,2010.0,Solo
35,JAY-Z,east coast hip hop,2009.0,140.0,2010.0,Solo
36,John Mayer,neo mellow,2009.0,97.0,2010.0,Solo
37,John Mayer,neo mellow,2009.0,115.0,2010.0,Solo
38,Justin Bieber,canadian pop,2010.0,65.0,2010.0,Solo
39,Katy Perry,dance pop,2012.0,125.0,2010.0,Solo
40,Katy Perry,dance pop,2010.0,120.0,2010.0,Solo
41,Kelly Rowland,atl hip hop,2011.0,125.0,2010.0,Solo
42,Kesha,dance pop,2010.0,120.0,2010.0,Solo
43,Kesha,dance pop,2010.0,120.0,2010.0,Solo
44,Kesha,dance pop,2010.0,125.0,2010.0,Solo
45,Kesha,dance pop,2010.0,120.0,2010.0,Solo
46,K'NAAN,reggae fusion,2009.0,76.0,2010.0,Solo
47,Kris Allen,idol,2009.0,92.0,2010.0,Solo
48,Lady Gaga,art pop,2009.0,119.0,2010.0,Solo
49,Lady Gaga,art pop,2009.0,122.0,2010.0,Solo
50,Lady Gaga,art pop,2009.0,99.0,2010.0,Solo
51,Lil Wayne,hip hop,2010.0,76.0,2010.0,Solo
52,Ludacris,atl hip hop,2010.0,85.0,2010.0,Solo
53,Ludacris,atl hip hop,2010.0,144.0,2010.0,Solo
54,Maroon 5,pop,2010.0,103.0,2010.0,Band/Group
55,Matt Cardle,talent show,2011.0,82.0,2010.0,Solo
56,Mike Posner,dance pop,2010.0,130.0,2010.0,Solo
57,Miley Cyrus,dance pop,2010.0,117.0,2010.0,Solo
58,Neon Trees,modern alternative rock,2010.0,148.0,2010.0,Band/Group
59,Owl City,indietronica,2009.0,180.0,2010.0,Band/Group
60,Plan B,grime,2010.0,147.0,2010.0,Duo
61,Rihanna,barbadian pop,2010.0,126.0,2010.0,Solo
62,Rihanna,barbadian pop,2009.0,174.0,2010.0,Solo
63,Rihanna,barbadian pop,2010.0,100.0,2010.0,Solo
64,Rihanna,barbadian pop,2010.0,156.0,2010.0,Solo
65,Rihanna,barbadian pop,2009.0,182.0,2010.0,Solo
66,Robyn,art pop,2010.0,117.0,2010.0,Solo
67,Sara Bareilles,acoustic pop,2010.0,119.0,2010.0,Solo
68,Scouting For Girls,dance pop,2017.0,177.0,2010.0,Band/Group
69,Sean Kingston,dance pop,2020.0,121.0,2010.0,Solo
70,Sidney Samson,dutch house,2009.0,126.0,2010.0,Solo
71,Stromae,belgian pop,2010.0,120.0,2010.0,Solo
72,Sugarland,contemporary country,2010.0,84.0,2010.0,Duo
73,Swedish House Mafia,dance pop,2010.0,125.0,2010.0,Band/Group
74,Swedish House Mafia,dance pop,2010.0,125.0,2010.0,Band/Group
75,Taio Cruz,dance pop,2010.0,120.0,2010.0,Solo
76,Taio Cruz,dance pop,2010.0,122.0,2010.0,Solo
77,Take That,boy band,2010.0,101.0,2010.0,Band/Group
78,Taylor Swift,pop,2010.0,142.0,2010.0,Solo
79,Taylor Swift,pop,2010.0,121.0,2010.0,Solo
80,Taylor Swift,pop,2011.0,158.0,2010.0,Solo
81,The Band Perry,contemporary country,2010.0,131.0,2010.0,Band/Group
82,The Script,celtic rock,2011.0,174.0,2010.0,Band/Group
83,The Wanted,boy band,2010.0,134.0,2010.0,Band/Group
84,Tim Berg,edm,2010.0,126.0,2010.0,Solo
85,Timbaland,dance pop,2009.0,116.0,2010.0,Solo
86,Timbaland,dance pop,2009.0,126.0,2010.0,Solo
87,Tinie Tempah,dance pop,2010.0,91.0,2010.0,Solo
88,Tinie Tempah,dance pop,2010.0,123.0,2010.0,Solo
89,Train,dance pop,2010.0,97.0,2010.0,Band/Group
90,Travie McCoy,dance pop,2010.0,87.0,2010.0,Solo
91,Trey Songz,dance pop,2010.0,74.0,2010.0,Solo
92,Trey Songz,dance pop,2009.0,93.0,2010.0,Solo
93,Two Door Cinema Club,indie rock,2010.0,139.0,2010.0,Band/Group
94,Usher,atl hip hop,2010.0,120.0,2010.0,Solo
95,Usher,atl hip hop,2010.0,130.0,2010.0,Solo
96,Usher,atl hip hop,2010.0,96.0,2010.0,Solo
97,Waka Flocka Flame,atl hip hop,2010.0,131.0,2010.0,Solo
98,Yolanda Be Cool,australian dance,2020.0,125.0,2010.0,Duo
99,Young Money,dance pop,2009.0,148.0,2010.0,Band/Group
100,Adele,british soul,2011.0,105.0,2011.0,Solo
101,Adele,british soul,2011.0,108.0,2011.0,Solo
102,Alexandra Stan,dance pop,2011.0,127.0,2011.0,Solo
103,Avril Lavigne,canadian pop,2011.0,150.0,2011.0,Solo
104,Bad Meets Evil,detroit hip hop,2011.0,90.0,2011.0,Duo
105,Beyoncé,dance pop,2011.0,94.0,2011.0,Solo
106,Beyoncé,dance pop,2011.0,99.0,2011.0,Solo
107,Birdy,pop,2011.0,166.0,2011.0,Solo
108,Black Eyed Peas,dance pop,2010.0,94.0,2011.0,Band/Group
109,Blake Shelton,contemporary country,2011.0,206.0,2011.0,Solo
110,Bon Iver,eau claire indie,2011.0,148.0,2011.0,Band/Group
111,Britney Spears,dance pop,2011.0,130.0,2011.0,Solo
112,Britney Spears,dance pop,2011.0,132.0,2011.0,Solo
113,Bruno Mars,dance pop,2010.0,110.0,2011.0,Solo
114,Bruno Mars,dance pop,2010.0,145.0,2011.0,Solo
115,Bruno Mars,dance pop,2010.0,175.0,2011.0,Solo
116,Calvin Harris,dance pop,2012.0,128.0,2011.0,Solo
117,Chase & Status,dancefloor dnb,2011.0,140.0,2011.0,Duo
118,Chip,grime,2011.0,190.0,2011.0,Solo
119,Chris Brown,dance pop,2011.0,146.0,2011.0,Solo
120,Chris Brown,dance pop,2011.0,130.0,2011.0,Solo
121,Chris Brown,dance pop,2019.0,128.0,2011.0,Solo
122,Christina Perri,dance pop,2011.0,75.0,2011.0,Solo
123,Cobra Starship,dance pop,2011.0,132.0,2011.0,Band/Group
124,Coldplay,permanent wave,2011.0,140.0,2011.0,Band/Group
125,Coldplay,permanent wave,2011.0,118.0,2011.0,Band/Group
126,David Guetta,big room,2011.0,130.0,2011.0,Solo
127,David Guetta,big room,2010.0,128.0,2011.0,Solo
128,Diddy - Dirty Money,hip pop,2010.0,168.0,2011.0,Duo
129,DJ Fresh,dancefloor dnb,2012.0,140.0,2011.0,Solo
130,DJ Khaled,dance pop,2011.0,149.0,2011.0,Solo
131,Dr. Dre,g funk,2011.0,156.0,2011.0,Solo
132,Drake,canadian hip hop,2011.0,152.0,2011.0,Solo
133,Ed Sheeran,pop,2011.0,85.0,2011.0,Solo
134,Ed Sheeran,pop,2011.0,160.0,2011.0,Solo
135,Edward Maya,romanian house,2010.0,127.0,2011.0,Solo
136,Enrique Iglesias,dance pop,2010.0,126.0,2011.0,Solo
137,Eric Church,contemporary country,2011.0,104.0,2011.0,Solo
138,Example,dance pop,2011.0,127.0,2011.0,Solo
139,Far East Movement,asian american hip hop,2010.0,96.0,2011.0,Band/Group
140,Florence + The Machine,baroque pop,2011.0,107.0,2011.0,Band/Group
141,Foster The People,indietronica,2011.0,128.0,2011.0,Band/Group
142,Grouplove,indie pop,2011.0,113.0,2011.0,Band/Group
143,Gym Class Heroes,dance pop,2011.0,90.0,2011.0,Band/Group
144,Hot Chelle Rae,dance pop,2011.0,100.0,2011.0,Band/Group
145,Jason Aldean,contemporary country,2010.0,127.0,2011.0,Solo
146,Jason Derulo,dance pop,2011.0,92.0,2011.0,Solo
147,Jason Derulo,dance pop,2011.0,122.0,2011.0,Solo
148,Jennifer Lopez,dance pop,2011.0,130.0,2011.0,Solo
149,Jeremih,chicago rap,2010.0,160.0,2011.0,Solo
150,Jessie J,dance pop,2011.0,140.0,2011.0,Solo
151,Kanye West,chicago rap,2010.0,142.0,2011.0,Solo
152,Katy Perry,dance pop,2012.0,126.0,2011.0,Solo
153,Katy Perry,dance pop,2010.0,124.0,2011.0,Solo
154,Katy Perry,dance pop,2012.0,152.0,2011.0,Solo
155,Kelly Rowland,atl hip hop,2011.0,141.0,2011.0,Solo
156,Keri Hilson,dance pop,2010.0,160.0,2011.0,Solo
157,Kesha,dance pop,2010.0,120.0,2011.0,Solo
158,Kesha,dance pop,2010.0,120.0,2011.0,Solo
159,Labrinth,indie poptimism,2012.0,153.0,2011.0,Solo
160,Lady A,contemporary country,2011.0,143.0,2011.0,Band/Group
161,Lady Gaga,art pop,2011.0,124.0,2011.0,Solo
162,Lady Gaga,art pop,2011.0,128.0,2011.0,Solo
163,Lil Wayne,hip hop,2011.0,79.0,2011.0,Solo
164,Lil Wayne,hip hop,2011.0,154.0,2011.0,Solo
165,LMFAO,dance pop,2011.0,130.0,2011.0,Duo
166,LMFAO,dance pop,2011.0,130.0,2011.0,Duo
167,Lupe Fiasco,chicago rap,2011.0,143.0,2011.0,Solo
168,Lykke Li,art pop,2021.0,122.0,2011.0,Solo
169,M83,french shoegaze,2011.0,105.0,2011.0,Duo
170,Mac Miller,hip hop,2011.0,163.0,2011.0,Solo
171,Mann,pop rap,2011.0,104.0,2011.0,Solo
172,Maroon 5,pop,2010.0,128.0,2011.0,Band/Group
173,Miguel,dance pop,2010.0,81.0,2011.0,Solo
174,Nickelback,alternative metal,2011.0,188.0,2011.0,Band/Group
175,Nicki Minaj,dance pop,2010.0,127.0,2011.0,Solo
176,Noah And The Whale,indie folk,2011.0,82.0,2011.0,Band/Group
177,Olly Murs,dance pop,2011.0,111.0,2011.0,Solo
178,OneRepublic,dance pop,2009.0,95.0,2011.0,Band/Group
179,P!nk,dance pop,2010.0,122.0,2011.0,Solo
180,Pitbull,dance pop,2011.0,129.0,2011.0,Solo
181,Pitbull,dance pop,2011.0,128.0,2011.0,Solo
182,Professor Green,grime,2021.0,101.0,2011.0,Solo
183,Red Hot Chili Peppers,alternative rock,2011.0,106.0,2011.0,Band/Group
184,Rihanna,barbadian pop,2010.0,128.0,2011.0,Solo
185,Rihanna,barbadian pop,2011.0,128.0,2011.0,Solo
186,Rihanna,barbadian pop,2010.0,100.0,2011.0,Solo
187,Rizzle Kicks,uk hip hop,2011.0,115.0,2011.0,Duo
188,Sak Noel,electro house,2011.0,128.0,2011.0,Solo
189,Selena Gomez & The Scene,dance pop,2011.0,117.0,2011.0,Band/Group
190,Selena Gomez & The Scene,dance pop,2011.0,101.0,2011.0,Band/Group
191,Snoop Dogg,g funk,2011.0,130.0,2011.0,Solo
192,Swedish House Mafia,dance pop,2011.0,127.0,2011.0,Band/Group
193,Taio Cruz,dance pop,2011.0,128.0,2011.0,Solo
194,The Band Perry,contemporary country,2010.0,131.0,2011.0,Band/Group
195,The Wanted,boy band,2011.0,127.0,2011.0,Band/Group
196,Usher,atl hip hop,2010.0,125.0,2011.0,Solo
197,Waka Flocka Flame,atl hip hop,2010.0,131.0,2011.0,Solo
198,Wiz Khalifa,dance pop,2011.0,164.0,2011.0,Solo
199,Wiz Khalifa,dance pop,2011.0,125.0,2011.0,Solo
200,Adele,british soul,2012.0,76.0,2012.0,Solo
201,Adele,british soul,2011.0,120.0,2012.0,Solo
202,Alesso,dance pop,2013.0,128.0,2012.0,Solo
203,Alex Clare,modern alternative rock,2011.0,126.0,2012.0,Solo
204,alt-J,indie rock,2012.0,150.0,2012.0,Band/Group
205,Arctic Monkeys,garage rock,2012.0,97.0,2012.0,Band/Group
206,Asaf Avidan,israeli pop,2012.0,119.0,2012.0,Solo
207,Avicii,dance pop,2011.0,126.0,2012.0,Solo
208,Avicii,dance pop,2012.0,128.0,2012.0,Solo
209,Azealia Banks,dance pop,2014.0,126.0,2012.0,Solo
210,B.o.B,atl hip hop,2012.0,86.0,2012.0,Solo
211,Bruno Mars,dance pop,2012.0,144.0,2012.0,Solo
212,Bruno Mars,dance pop,2011.0,150.0,2012.0,Solo
213,Calvin Harris,dance pop,2012.0,128.0,2012.0,Solo
214,Calvin Harris,dance pop,2012.0,128.0,2012.0,Solo
215,Calvin Harris,dance pop,2012.0,128.0,2012.0,Solo
216,Carly Rae Jepsen,canadian pop,2012.0,120.0,2012.0,Solo
217,Carrie Underwood,contemporary country,2012.0,137.0,2012.0,Solo
218,Cher Lloyd,dance pop,2012.0,98.0,2012.0,Solo
219,Chris Brown,dance pop,2012.0,130.0,2012.0,Solo
220,Coldplay,permanent wave,2011.0,140.0,2012.0,Band/Group
221,Coldplay,permanent wave,2011.0,85.0,2012.0,Band/Group
222,David Guetta,big room,2011.0,128.0,2012.0,Solo
223,DEV,dance pop,2012.0,125.0,2012.0,Solo
224,Disclosure,edm,2013.0,122.0,2012.0,Duo
225,DJ Fresh,dancefloor dnb,2010.0,175.0,2012.0,Solo
226,Drake,canadian hip hop,2011.0,122.0,2012.0,Solo
227,Drake,canadian hip hop,2011.0,202.0,2012.0,Solo
228,Ellie Goulding,dance pop,2010.0,120.0,2012.0,Solo
229,Flo Rida,dance pop,2012.0,128.0,2012.0,Solo
230,Florence + The Machine,baroque pop,2012.0,126.0,2012.0,Band/Group
231,Frank Ocean,alternative r&b,2012.0,123.0,2012.0,Solo
232,Frank Ocean,alternative r&b,2012.0,130.0,2012.0,Solo
233,fun.,baroque pop,2012.0,184.0,2012.0,Band/Group
234,fun.,baroque pop,2012.0,108.0,2012.0,Band/Group
235,Gotye,australian pop,2011.0,129.0,2012.0,Solo
236,Grimes,art pop,2012.0,156.0,2012.0,Solo
237,Gym Class Heroes,dance pop,2011.0,130.0,2012.0,Band/Group
238,Icona Pop,candy pop,2013.0,126.0,2012.0,Duo
239,Imagine Dragons,modern rock,2012.0,105.0,2012.0,Band/Group
240,Imagine Dragons,modern rock,2012.0,100.0,2012.0,Band/Group
241,JAY-Z,east coast hip hop,2011.0,140.0,2012.0,Solo
242,Justin Bieber,canadian pop,2012.0,97.0,2012.0,Solo
243,Kanye West,chicago rap,2012.0,140.0,2012.0,Solo
244,Karmin,dance pop,2012.0,120.0,2012.0,Duo
245,Katy Perry,dance pop,2012.0,134.0,2012.0,Solo
246,Katy Perry,dance pop,2012.0,130.0,2012.0,Solo
247,Kendrick Lamar,conscious hip hop,2012.0,74.0,2012.0,Solo
248,Kendrick Lamar,conscious hip hop,2012.0,91.0,2012.0,Solo
249,Kesha,dance pop,2012.0,128.0,2012.0,Solo
250,Kesha,dance pop,2012.0,126.0,2012.0,Solo
251,Lana Del Rey,art pop,2012.0,94.0,2012.0,Solo
252,Lana Del Rey,art pop,2012.0,122.0,2012.0,Solo
253,Lana Del Rey,art pop,2012.0,86.0,2012.0,Solo
254,Linkin Park,alternative metal,2012.0,110.0,2012.0,Band/Group
255,LMFAO,dance pop,2011.0,130.0,2012.0,Duo
256,Lupe Fiasco,chicago rap,2012.0,168.0,2012.0,Solo
257,MARINA,art pop,2012.0,128.0,2012.0,Solo
258,MARINA,art pop,2012.0,140.0,2012.0,Solo
259,Maroon 5,pop,2012.0,93.0,2012.0,Band/Group
260,Maroon 5,pop,2012.0,110.0,2012.0,Band/Group
261,Miguel,dance pop,2012.0,179.0,2012.0,Solo
262,Muse,modern rock,2012.0,180.0,2012.0,Band/Group
263,Neon Trees,modern alternative rock,2012.0,155.0,2012.0,Band/Group
264,Nicki Minaj,dance pop,2011.0,125.0,2012.0,Solo
265,Nicki Minaj,dance pop,2012.0,125.0,2012.0,Solo
266,Of Monsters and Men,folk-pop,2012.0,112.0,2012.0,Band/Group
267,Olly Murs,dance pop,2012.0,106.0,2012.0,Solo
268,One Direction,boy band,2012.0,125.0,2012.0,Band/Group
269,One Direction,boy band,2012.0,126.0,2012.0,Band/Group
270,Otto Knows,edm,2012.0,126.0,2012.0,Solo
271,Owl City,indietronica,2012.0,126.0,2012.0,Band/Group
272,P!nk,dance pop,2012.0,114.0,2012.0,Solo
273,Passion Pit,alternative dance,2012.0,101.0,2012.0,Band/Group
274,Phillip Phillips,folk-pop,2013.0,118.0,2012.0,Solo
275,Phillip Phillips,folk-pop,2013.0,121.0,2012.0,Solo
276,PSY,k-pop,2012.0,132.0,2012.0,Solo
277,Rihanna,barbadian pop,2011.0,128.0,2012.0,Solo
278,Rihanna,barbadian pop,2011.0,128.0,2012.0,Solo
279,Rita Ora,dance pop,2012.0,72.0,2012.0,Solo
280,Rizzle Kicks,uk hip hop,2011.0,98.0,2012.0,Duo
281,Robbie Williams,dance pop,2012.0,116.0,2012.0,Solo
282,Rudimental,dance pop,2013.0,180.0,2012.0,Band/Group
283,ScHoolboy Q,gangster rap,2012.0,128.0,2012.0,Solo
284,Skrillex,brostep,2011.0,110.0,2012.0,Solo
285,Snoop Dogg,g funk,2011.0,95.0,2012.0,Solo
286,Swedish House Mafia,dance pop,2012.0,129.0,2012.0,Band/Group
287,Taylor Swift,pop,2012.0,77.0,2012.0,Solo
288,Taylor Swift,pop,2012.0,86.0,2012.0,Solo
289,The Lumineers,folk-pop,2012.0,80.0,2012.0,Band/Group
290,The Wanted,boy band,2012.0,128.0,2012.0,Band/Group
291,The xx,downtempo,2012.0,92.0,2012.0,Band/Group
292,Train,dance pop,2012.0,122.0,2012.0,Band/Group
293,Train,dance pop,2012.0,140.0,2012.0,Band/Group
294,Trey Songz,dance pop,2012.0,150.0,2012.0,Solo
295,Tyga,dance pop,2012.0,99.0,2012.0,Solo
296,Tyga,dance pop,2012.0,95.0,2012.0,Solo
297,Usher,atl hip hop,2012.0,136.0,2012.0,Solo
298,WALK THE MOON,dance pop,2012.0,140.0,2012.0,Band/Group
299,Wiz Khalifa,dance pop,2012.0,140.0,2012.0,Solo
300,2 Chainz,atl hip hop,2013.0,172.0,2013.0,Solo
301,A$AP Rocky,east coast hip hop,2013.0,96.0,2013.0,Solo
302,Arctic Monkeys,garage rock,2013.0,92.0,2013.0,Band/Group
303,Arctic Monkeys,garage rock,2013.0,85.0,2013.0,Band/Group
304,Ariana Grande,dance pop,2013.0,82.0,2013.0,Solo
305,Avicii,dance pop,2013.0,124.0,2013.0,Solo
306,Avicii,dance pop,2012.0,128.0,2013.0,Solo
307,Avril Lavigne,canadian pop,2013.0,165.0,2013.0,Solo
308,AWOLNATION,la indie,2011.0,119.0,2013.0,Band/Group
309,Baauer,bass trap,2013.0,138.0,2013.0,Solo
310,Bastille,metropopolis,2013.0,127.0,2013.0,Band/Group
311,Bastille,metropopolis,2013.0,125.0,2013.0,Band/Group
312,Bingo Players,big room,2013.0,128.0,2013.0,Duo
313,Blake Shelton,contemporary country,2013.0,137.0,2013.0,Solo
314,Bridgit Mendler,dance pop,2012.0,93.0,2013.0,Solo
315,Britney Spears,dance pop,2013.0,128.0,2013.0,Solo
316,Bruno Mars,dance pop,2012.0,144.0,2013.0,Solo
317,Bruno Mars,dance pop,2012.0,73.0,2013.0,Solo
318,Bruno Mars,dance pop,2012.0,116.0,2013.0,Solo
319,Calvin Harris,dance pop,2012.0,128.0,2013.0,Solo
320,Calvin Harris,dance pop,2012.0,125.0,2013.0,Solo
321,Calvin Harris,dance pop,2012.0,128.0,2013.0,Solo
322,Calvin Harris,dance pop,2012.0,128.0,2013.0,Solo
323,Capital Cities,metropopolis,2013.0,118.0,2013.0,Duo
324,Childish Gambino,atl hip hop,2013.0,166.0,2013.0,Solo
325,Chris Brown,dance pop,2014.0,104.0,2013.0,Solo
326,CHVRCHES,electropop,2013.0,174.0,2013.0,Band/Group
327,Ciara,dance pop,2013.0,134.0,2013.0,Solo
328,Daft Punk,electro,2013.0,116.0,2013.0,Duo
329,Daft Punk,electro,2013.0,100.0,2013.0,Duo
330,David Guetta,big room,2011.0,130.0,2013.0,Solo
331,Demi Lovato,dance pop,2013.0,174.0,2013.0,Solo
332,Disclosure,edm,2013.0,120.0,2013.0,Duo
333,Drake,canadian hip hop,2013.0,100.0,2013.0,Solo
334,Drake,canadian hip hop,2013.0,86.0,2013.0,Solo
335,Duke Dumont,destroy techno,2013.0,124.0,2013.0,Solo
336,Eminem,detroit hip hop,2013.0,110.0,2013.0,Solo
337,Eminem,detroit hip hop,2013.0,95.0,2013.0,Solo
338,Fall Out Boy,emo,2013.0,152.0,2013.0,Band/Group
339,Flo Rida,dance pop,2012.0,126.0,2013.0,Solo
340,Florida Georgia Line,contemporary country,2012.0,148.0,2013.0,Duo
341,Icona Pop,candy pop,2013.0,126.0,2013.0,Duo
342,Imagine Dragons,modern rock,2012.0,90.0,2013.0,Band/Group
343,Imagine Dragons,modern rock,2012.0,136.0,2013.0,Band/Group
344,J. Cole,conscious hip hop,2013.0,100.0,2013.0,Solo
345,Jason Derulo,dance pop,2013.0,100.0,2013.0,Solo
346,Jason Derulo,dance pop,2013.0,128.0,2013.0,Solo
347,JAY-Z,east coast hip hop,2013.0,145.0,2013.0,Solo
348,John Newman,dance pop,2013.0,126.0,2013.0,Solo
349,Justin Bieber,canadian pop,2012.0,128.0,2013.0,Solo
350,Justin Timberlake,dance pop,2013.0,77.0,2013.0,Solo
351,Justin Timberlake,dance pop,2013.0,102.0,2013.0,Solo
352,Kanye West,chicago rap,2013.0,130.0,2013.0,Solo
353,Katy Perry,dance pop,2013.0,96.0,2013.0,Solo
354,Klangkarussell,austrian pop,2013.0,120.0,2013.0,Duo
355,Kodaline,irish pop,2013.0,187.0,2013.0,Band/Group
356,Kodaline,irish pop,2013.0,77.0,2013.0,Band/Group
357,Lana Del Rey,art pop,2013.0,126.0,2013.0,Solo
358,Lil Wayne,hip hop,2013.0,125.0,2013.0,Solo
359,Lily Allen,dance pop,2014.0,81.0,2013.0,Solo
360,Lorde,art pop,2013.0,85.0,2013.0,Solo
361,Lorde,art pop,2013.0,100.0,2013.0,Solo
362,Macklemore & Ryan Lewis,dance pop,2012.0,146.0,2013.0,Duo
363,Macklemore & Ryan Lewis,dance pop,2012.0,95.0,2013.0,Duo
364,Macklemore & Ryan Lewis,dance pop,2012.0,85.0,2013.0,Duo
365,Maroon 5,pop,2012.0,120.0,2013.0,Band/Group
366,Martin Garrix,dance pop,2016.0,128.0,2013.0,Solo
367,Michael Bublé,adult standards,2013.0,144.0,2013.0,Solo
368,Miley Cyrus,dance pop,2013.0,80.0,2013.0,Solo
369,Mumford & Sons,modern folk rock,2012.0,131.0,2013.0,Band/Group
370,Naughty Boy,tropical house,2013.0,125.0,2013.0,Solo
371,Nelly,dance pop,2013.0,116.0,2013.0,Solo
372,Of Monsters and Men,folk-pop,2012.0,103.0,2013.0,Band/Group
373,One Direction,boy band,2013.0,118.0,2013.0,Band/Group
374,One Direction,boy band,2013.0,162.0,2013.0,Band/Group
375,P!nk,dance pop,2012.0,192.0,2013.0,Solo
376,Paramore,candy pop,2013.0,136.0,2013.0,Band/Group
377,Paramore,candy pop,2013.0,104.0,2013.0,Band/Group
378,Phillip Phillips,folk-pop,2013.0,121.0,2013.0,Solo
379,Pitbull,dance pop,2012.0,136.0,2013.0,Solo
380,Pitbull,dance pop,2012.0,127.0,2013.0,Solo
381,Robin Thicke,contemporary r&b,2013.0,120.0,2013.0,Solo
382,Rudimental,dance pop,2013.0,175.0,2013.0,Solo
383,Sebastian Ingrosso,dance pop,2013.0,128.0,2013.0,Solo
384,Selena Gomez,dance pop,2013.0,80.0,2013.0,Solo
385,Storm Queen,deep disco house,2013.0,120.0,2013.0,Solo
386,Stromae,belgian pop,2013.0,116.0,2013.0,Solo
387,Taylor Swift,pop,2012.0,77.0,2013.0,Solo
388,Taylor Swift,pop,2012.0,104.0,2013.0,Solo
389,Taylor Swift,pop,2012.0,80.0,2013.0,Solo
390,The 1975,modern alternative rock,2013.0,100.0,2013.0,Band/Group
391,The Lumineers,folk-pop,2012.0,80.0,2013.0,Band/Group
392,The Neighbourhood,modern alternative rock,2013.0,124.0,2013.0,Band/Group
393,The Saturdays,bubblegum dance,2013.0,124.0,2013.0,Band/Group
394,Tom Odell,chill pop,2013.0,123.0,2013.0,Solo
395,Wale,gangster rap,2013.0,114.0,2013.0,Solo
396,will.i.am,dance pop,2013.0,130.0,2013.0,Solo
397,will.i.am,dance pop,2013.0,128.0,2013.0,Solo
398,Ylvis,comic,2013.0,128.0,2013.0,Duo
399,Zedd,complextro,2012.0,128.0,2013.0,Solo
400,5 Seconds of Summer,boy band,2014.0,160.0,2014.0,Band/Group
401,5 Seconds of Summer,boy band,2014.0,102.0,2014.0,Band/Group
402,Alesso,dance pop,2014.0,126.0,2014.0,Solo
403,Aloe Blacc,pop soul,2014.0,82.0,2014.0,Solo
404,American Authors,indie poptimism,2014.0,100.0,2014.0,Band/Group
405,Ariana Grande,dance pop,2014.0,99.0,2014.0,Solo
406,Ariana Grande,dance pop,2014.0,103.0,2014.0,Solo
407,Ariana Grande,dance pop,2014.0,130.0,2014.0,Solo
408,Avicii,dance pop,2013.0,125.0,2014.0,Solo
409,Becky G,dance pop,2014.0,120.0,2014.0,Solo
410,Beyoncé,dance pop,2014.0,140.0,2014.0,Solo
411,Bobby Shmurda,nyc rap,2014.0,168.0,2014.0,Solo
412,Calvin Harris,dance pop,2014.0,128.0,2014.0,Solo
413,Calvin Harris,dance pop,2014.0,128.0,2014.0,Solo
414,Calvin Harris,dance pop,2014.0,126.0,2014.0,Solo
415,Charli XCX,art pop,2014.0,92.0,2014.0,Solo
416,Chris Brown,dance pop,2014.0,99.0,2014.0,Solo
417,Chris Brown,dance pop,2014.0,142.0,2014.0,Solo
418,Clean Bandit,dance pop,2014.0,121.0,2014.0,Band/Group
419,Cold War Kids,alternative rock,2014.0,78.0,2014.0,Band/Group
420,Coldplay,permanent wave,2014.0,93.0,2014.0,Band/Group
421,Coldplay,permanent wave,2014.0,125.0,2014.0,Band/Group
422,David Guetta,big room,2014.0,128.0,2014.0,Solo
423,David Guetta,big room,2014.0,125.0,2014.0,Solo
424,Disclosure,edm,2013.0,122.0,2014.0,Duo
425,DJ Snake,dance pop,2013.0,100.0,2014.0,Solo
426,DJ Snake,dance pop,2014.0,196.0,2014.0,Solo
427,Duke Dumont,destroy techno,2014.0,121.0,2014.0,Solo
428,Echosmith,dance pop,2013.0,130.0,2014.0,Band/Group
429,Ed Sheeran,pop,2014.0,95.0,2014.0,Solo
430,Ed Sheeran,pop,2014.0,120.0,2014.0,Solo
431,G.R.L.,dance pop,2014.0,125.0,2014.0,Band/Group
432,George Ezra,folk-pop,2014.0,128.0,2014.0,Solo
433,George Ezra,folk-pop,2014.0,104.0,2014.0,Solo
434,Gorgon City,deep groove house,2014.0,122.0,2014.0,Duo
435,Iggy Azalea,australian hip hop,2014.0,95.0,2014.0,Solo
436,Iggy Azalea,australian hip hop,2014.0,164.0,2014.0,Solo
437,Jason Derulo,dance pop,2013.0,100.0,2014.0,Solo
438,Jason Derulo,dance pop,2013.0,82.0,2014.0,Solo
439,Jason Derulo,dance pop,2013.0,82.0,2014.0,Solo
440,Jeremih,chicago rap,2015.0,98.0,2014.0,Solo
441,Jessie J,dance pop,2014.0,150.0,2014.0,Solo
442,John Legend,neo soul,2013.0,120.0,2014.0,Solo
443,Justin Timberlake,dance pop,2013.0,86.0,2014.0,Solo
444,Katy Perry,dance pop,2013.0,132.0,2014.0,Solo
445,Kid Ink,dance pop,2014.0,98.0,2014.0,Solo
446,Kiesza,electropop,2014.0,123.0,2014.0,Solo
447,Klingande,deep house,2013.0,125.0,2014.0,Duo
448,Labrinth,indie poptimism,2014.0,117.0,2014.0,Solo
449,Lilly Wood and The Prick,french indie pop,2014.0,123.0,2014.0,Duo
450,Lorde,art pop,2013.0,100.0,2014.0,Solo
451,MAGIC!,reggae fusion,2014.0,144.0,2014.0,Band/Group
452,Maroon 5,pop,2014.0,120.0,2014.0,Band/Group
453,Maroon 5,pop,2014.0,190.0,2014.0,Band/Group
454,Maroon 5,pop,2014.0,120.0,2014.0,Band/Group
455,Meghan Trainor,dance pop,2015.0,134.0,2014.0,Solo
456,Milky Chance,german pop,2014.0,114.0,2014.0,Band/Group
457,MKTO,dance pop,2012.0,102.0,2014.0,Duo
458,Mr. Probz,dutch hip hop,2014.0,120.0,2014.0,Solo
459,Natalie La Rose,chicago rap,2014.0,105.0,2014.0,Solo
460,Nick Jonas,dance pop,2015.0,93.0,2014.0,Solo
461,Nicki Minaj,dance pop,2014.0,130.0,2014.0,Solo
462,Nico & Vinz,pop rap,2014.0,120.0,2014.0,Duo
463,O.T. Genasis,pop rap,2014.0,120.0,2014.0,Solo
464,Oliver Heldens,dance pop,2014.0,125.0,2014.0,Solo
465,Olly Murs,dance pop,2014.0,122.0,2014.0,Solo
466,Omarion,dance pop,2014.0,97.0,2014.0,Solo
467,One Direction,boy band,2014.0,120.0,2014.0,Band/Group
468,One Direction,boy band,2014.0,77.0,2014.0,Band/Group
469,OneRepublic,dance pop,2014.0,122.0,2014.0,Band/Group
470,OneRepublic,dance pop,2014.0,120.0,2014.0,Band/Group
471,Paloma Faith,british soul,2014.0,91.0,2014.0,Solo
472,Paramore,candy pop,2013.0,104.0,2014.0,Band/Group
473,Peking Duk,aussietronica,2014.0,100.0,2014.0,Band/Group
474,Pharrell Williams,pop rap,2014.0,160.0,2014.0,Solo
475,Pitbull,dance pop,2012.0,130.0,2014.0,Solo
476,Rixton,pop,2014.0,174.0,2014.0,Duo
477,Route 94,deep groove house,2014.0,120.0,2014.0,Solo
478,Sam Smith,dance pop,2014.0,84.0,2014.0,Solo
479,Sam Smith,dance pop,2014.0,134.0,2014.0,Solo
480,ScHoolboy Q,gangster rap,2014.0,154.0,2014.0,Solo
481,ScHoolboy Q,gangster rap,2014.0,112.0,2014.0,Solo
482,Sheppard,australian indie,2015.0,142.0,2014.0,Band/Group
483,Sia,australian dance,2015.0,117.0,2014.0,Solo
484,Sia,australian dance,2015.0,130.0,2014.0,Solo
485,Sigma,dance pop,2014.0,88.0,2014.0,Solo
486,Taylor Swift,pop,2014.0,95.0,2014.0,Solo
487,Taylor Swift,pop,2014.0,170.0,2014.0,Solo
488,Taylor Swift,pop,2014.0,160.0,2014.0,Solo
489,The Chainsmokers,dance pop,2014.0,128.0,2014.0,Duo
490,The Script,celtic rock,2014.0,167.0,2014.0,Band/Group
491,Tiësto,big room,2014.0,112.0,2014.0,Solo
492,Tiësto,big room,2014.0,125.0,2014.0,Solo
493,Tinashe,alternative r&b,2014.0,101.0,2014.0,Solo
494,Tove Lo,art pop,2014.0,110.0,2014.0,Solo
495,Tove Lo,art pop,2014.0,120.0,2014.0,Solo
496,Trey Songz,dance pop,2015.0,97.0,2014.0,Solo
497,Vance Joy,folk-pop,2014.0,102.0,2014.0,Solo
498,Zedd,complextro,2012.0,128.0,2014.0,Solo
499,ZHU,edm,2014.0,125.0,2014.0,Solo
500,Adam Lambert,dance pop,2015.0,120.0,2015.0,Solo
501,Alessia Cara,canadian contemporary r&b,2015.0,120.0,2015.0,Solo
502,Andy Grammer,dance pop,2014.0,122.0,2015.0,Solo
503,Ariana Grande,dance pop,2014.0,99.0,2015.0,Solo
504,Avicii,dance pop,2014.0,126.0,2015.0,Solo
505,Avicii,dance pop,2015.0,128.0,2015.0,Solo
506,Beyoncé,dance pop,2014.0,136.0,2015.0,Solo
507,Big Sean,detroit hip hop,2015.0,98.0,2015.0,Solo
508,BØRNS,modern rock,2015.0,120.0,2015.0,Solo
509,Bryson Tiller,kentucky hip hop,2015.0,97.0,2015.0,Solo
510,Calvin Harris,dance pop,2014.0,128.0,2015.0,Solo
511,Calvin Harris,dance pop,2015.0,122.0,2015.0,Solo
512,Chris Brown,dance pop,2015.0,98.0,2015.0,Solo
513,Demi Lovato,dance pop,2015.0,114.0,2015.0,Solo
514,Demi Lovato,dance pop,2015.0,130.0,2015.0,Solo
515,Deorro,dance pop,2017.0,128.0,2015.0,Solo
516,Disclosure,edm,2015.0,106.0,2015.0,Duo
517,DJ Snake,dance pop,2014.0,196.0,2015.0,Solo
518,Drake,canadian hip hop,2016.0,135.0,2015.0,Solo
519,Drake,canadian hip hop,2015.0,142.0,2015.0,Solo
520,Ed Sheeran,pop,2014.0,79.0,2015.0,Solo
521,Ellie Goulding,dance pop,2015.0,190.0,2015.0,Solo
522,Ellie Goulding,dance pop,2015.0,155.0,2015.0,Solo
523,Fall Out Boy,emo,2015.0,176.0,2015.0,Band/Group
524,Fetty Wap,new jersey rap,2015.0,190.0,2015.0,Solo
525,Fetty Wap,new jersey rap,2015.0,148.0,2015.0,Solo
526,Fetty Wap,new jersey rap,2015.0,128.0,2015.0,Solo
527,Flo Rida,dance pop,2015.0,94.0,2015.0,Solo
528,Flo Rida,dance pop,2015.0,146.0,2015.0,Solo
529,Foals,indie rock,2015.0,104.0,2015.0,Band/Group
530,Galantis,dance pop,2015.0,126.0,2015.0,Duo
531,George Ezra,folk-pop,2014.0,94.0,2015.0,Solo
532,Hailee Steinfeld,dance pop,2016.0,123.0,2015.0,Solo
533,Hozier,irish singer-songwriter,2014.0,129.0,2015.0,Solo
534,Jack Ü,edm,2015.0,139.0,2015.0,Duo
535,Jeremih,chicago rap,2015.0,79.0,2015.0,Solo
536,Jidenna,ghanaian hip hop,2015.0,94.0,2015.0,Solo
537,Justin Bieber,canadian pop,2015.0,125.0,2015.0,Solo
538,KALEO,icelandic indie,2016.0,163.0,2015.0,Band/Group
539,Kendrick Lamar,conscious hip hop,2015.0,107.0,2015.0,Solo
540,Kygo,edm,2016.0,100.0,2015.0,Solo
541,Kygo,edm,2015.0,154.0,2015.0,Solo
542,Lana Del Rey,art pop,2015.0,132.0,2015.0,Solo
543,Låpsley,electropop,2016.0,138.0,2015.0,Solo
544,Lemaitre,alternative dance,2017.0,92.0,2015.0,Duo
545,Luke Christopher,indie pop rap,2015.0,82.0,2015.0,Solo
546,Major Lazer,dance pop,2015.0,98.0,2015.0,Trio
547,Major Lazer,dance pop,2015.0,108.0,2015.0,Trio
548,Mark Ronson,dance pop,2015.0,115.0,2015.0,Solo
549,Martin Solveig,dance pop,2015.0,125.0,2015.0,Solo
550,Meek Mill,hip hop,2015.0,78.0,2015.0,Solo
551,Mumford & Sons,modern folk rock,2015.0,114.0,2015.0,Band/Group
552,Natalie La Rose,chicago rap,2014.0,105.0,2015.0,Solo
553,Nico & Vinz,pop rap,2015.0,104.0,2015.0,Duo
554,Oh Wonder,electropop,2015.0,142.0,2015.0,Duo
555,Omarion,dance pop,2014.0,97.0,2015.0,Solo
556,One Direction,boy band,2015.0,138.0,2015.0,Band/Group
557,One Direction,boy band,2015.0,100.0,2015.0,Band/Group
558,Petit Biscuit,new french touch,2015.0,91.0,2015.0,Solo
559,Philip George,deep groove house,2014.0,123.0,2015.0,Solo
560,Pitbull,dance pop,2014.0,124.0,2015.0,Solo
561,Rae Sremmurd,hip hop,2015.0,125.0,2015.0,Duo
562,Rich Homie Quan,atl hip hop,2015.0,82.0,2015.0,Solo
563,Rihanna,barbadian pop,2015.0,206.0,2015.0,Solo
564,Rihanna,barbadian pop,2015.0,103.0,2015.0,Solo
565,Rob $tone,san diego rap,2016.0,108.0,2015.0,Solo
566,Robin Schulz,dance pop,2015.0,123.0,2015.0,Solo
567,Rudimental,dance pop,2015.0,123.0,2015.0,Band/Group
568,Sam Smith,dance pop,2014.0,100.0,2015.0,Solo
569,SAYGRACE,dance pop,2015.0,186.0,2015.0,Solo
570,Selena Gomez,dance pop,2015.0,98.0,2015.0,Solo
571,Selena Gomez,dance pop,2015.0,111.0,2015.0,Solo
572,Selena Gomez,dance pop,2015.0,89.0,2015.0,Solo
573,Sheppard,australian indie,2015.0,142.0,2015.0,Band/Group
574,Sigala,dance pop,2018.0,124.0,2015.0,Solo
575,Snakehips,edm,2015.0,95.0,2015.0,Duo
576,Tame Impala,australian psych,2015.0,117.0,2015.0,Band/Group
577,Taylor Swift,pop,2014.0,96.0,2015.0,Solo
578,Taylor Swift,pop,2014.0,140.0,2015.0,Solo
579,Taylor Swift,pop,2015.0,170.0,2015.0,Solo
580,Taylor Swift,pop,2014.0,95.0,2015.0,Solo
581,The Strumbellas,canadian indie,2016.0,81.0,2015.0,Band/Group
582,The Weeknd,canadian contemporary r&b,2015.0,113.0,2015.0,Solo
583,The Weeknd,canadian contemporary r&b,2015.0,108.0,2015.0,Solo
584,The Weeknd,canadian contemporary r&b,2014.0,120.0,2015.0,Solo
585,The Weeknd,canadian contemporary r&b,2015.0,168.0,2015.0,Solo
586,Thomas Rhett,contemporary country,2015.0,166.0,2015.0,Solo
587,Tove Lo,art pop,2014.0,120.0,2015.0,Solo
588,Travis Scott,hip hop,2015.0,131.0,2015.0,Solo
589,Trey Songz,dance pop,2015.0,95.0,2015.0,Solo
590,Trey Songz,dance pop,2015.0,97.0,2015.0,Solo
591,Troye Sivan,australian pop,2015.0,92.0,2015.0,Solo
592,Twenty One Pilots,modern rock,2015.0,170.0,2015.0,Duo
593,Usher,atl hip hop,2014.0,113.0,2015.0,Solo
594,WALK THE MOON,dance pop,2014.0,128.0,2015.0,Band/Group
595,Wiz Khalifa,dance pop,2015.0,80.0,2015.0,Solo
596,X Ambassadors,modern alternative rock,2015.0,90.0,2015.0,Band/Group
597,X Ambassadors,modern alternative rock,2015.0,117.0,2015.0,Band/Group
598,Years & Years,dance pop,2015.0,120.0,2015.0,Band/Group
599,Zedd,complextro,2015.0,130.0,2015.0,Solo
600,Adele,british soul,2015.0,144.0,2016.0,Solo
601,Adele,british soul,2015.0,164.0,2016.0,Solo
602,Adele,british soul,2015.0,79.0,2016.0,Solo
603,Alessia Cara,canadian contemporary r&b,2015.0,120.0,2016.0,Solo
604,Anne-Marie,dance pop,2016.0,147.0,2016.0,Solo
605,Ariana Grande,dance pop,2016.0,108.0,2016.0,Solo
606,Ariana Grande,dance pop,2016.0,159.0,2016.0,Solo
607,Ariana Grande,dance pop,2016.0,134.0,2016.0,Solo
608,Astrid S,alt z,2021.0,120.0,2016.0,Solo
609,Bastille,metropopolis,2016.0,120.0,2016.0,Band/Group
610,Beyoncé,dance pop,2016.0,130.0,2016.0,Solo
611,Bryson Tiller,kentucky hip hop,2015.0,97.0,2016.0,Solo
612,Bryson Tiller,kentucky hip hop,2015.0,160.0,2016.0,Solo
613,Calum Scott,neo mellow,2018.0,113.0,2016.0,Solo
614,Calvin Harris,dance pop,2016.0,124.0,2016.0,Solo
615,Calvin Harris,dance pop,2016.0,120.0,2016.0,Solo
616,Charlie Puth,dance pop,2016.0,100.0,2016.0,Solo
617,Charlie Puth,dance pop,2016.0,91.0,2016.0,Solo
618,Charlie Puth,dance pop,2016.0,112.0,2016.0,Solo
619,Cheat Codes,dance pop,2016.0,102.0,2016.0,Trio
620,Chris Brown,dance pop,2015.0,93.0,2016.0,Solo
621,Clean Bandit,dance pop,2016.0,130.0,2016.0,Band/Group
622,Coldplay,permanent wave,2015.0,90.0,2016.0,Band/Group
623,Coldplay,permanent wave,2015.0,112.0,2016.0,Band/Group
624,David Guetta,big room,2016.0,110.0,2016.0,Solo
625,Daya,alt z,2016.0,182.0,2016.0,Solo
626,Daya,alt z,2016.0,95.0,2016.0,Solo
627,DJ Snake,dance pop,2016.0,100.0,2016.0,Solo
628,DJ Snake,dance pop,2016.0,105.0,2016.0,Solo
629,DNCE,dance pop,2016.0,119.0,2016.0,Band/Group
630,Drake,canadian hip hop,2016.0,118.0,2016.0,Solo
631,Dua Lipa,dance pop,2017.0,110.0,2016.0,Solo
632,Enrique Iglesias,dance pop,2016.0,91.0,2016.0,Solo
633,Fifth Harmony,dance pop,2016.0,105.0,2016.0,Band/Group
634,Fifth Harmony,dance pop,2016.0,95.0,2016.0,Band/Group
635,Flo Rida,dance pop,2015.0,94.0,2016.0,Solo
636,Flume,australian dance,2016.0,75.0,2016.0,Solo
637,Frank Ocean,alternative r&b,2016.0,160.0,2016.0,Solo
638,Future,atl hip hop,2016.0,144.0,2016.0,Solo
639,Galantis,dance pop,2016.0,126.0,2016.0,Duo
640,Garrett Nash,electropop,2016.0,93.0,2016.0,Solo
641,G-Eazy,indie pop rap,2015.0,112.0,2016.0,Solo
642,Hailee Steinfeld,dance pop,2016.0,100.0,2016.0,Solo
643,James Arthur,pop,2016.0,108.0,2016.0,Solo
644,James TW,neo mellow,2019.0,126.0,2016.0,Solo
645,John Legend,neo soul,2016.0,123.0,2016.0,Solo
646,Jonas Blue,dance pop,2018.0,118.0,2016.0,Solo
647,Jonas Blue,dance pop,2018.0,114.0,2016.0,Solo
648,Justin Bieber,canadian pop,2015.0,100.0,2016.0,Solo
649,Justin Bieber,canadian pop,2015.0,100.0,2016.0,Solo
650,Justin Timberlake,dance pop,2016.0,113.0,2016.0,Solo
651,Kiiara,alt z,2020.0,113.0,2016.0,Solo
652,Kygo,edm,2016.0,100.0,2016.0,Solo
653,Kygo,edm,2015.0,103.0,2016.0,Solo
654,Lil Wayne,hip hop,2016.0,169.0,2016.0,Solo
655,Little Mix,dance pop,2016.0,126.0,2016.0,Band/Group
656,Lukas Graham,danish pop,2016.0,120.0,2016.0,Band/Group
657,Maggie Rogers,indie pop,2019.0,104.0,2016.0,Solo
658,Major Lazer,dance pop,2016.0,93.0,2016.0,Trio
659,Marc E. Bassy,pop,2017.0,84.0,2016.0,Solo
660,Marshmello,brostep,2016.0,142.0,2016.0,Solo
661,Martin Garrix,dance pop,2016.0,134.0,2016.0,Solo
662,Meghan Trainor,dance pop,2017.0,92.0,2016.0,Solo
663,Mike Perry,dance pop,2016.0,90.0,2016.0,Solo
664,Mike Posner,dance pop,2016.0,102.0,2016.0,Solo
665,MØ,art pop,2016.0,105.0,2016.0,Solo
666,Niall Horan,dance pop,2016.0,112.0,2016.0,Solo
667,Nick Jonas,dance pop,2016.0,124.0,2016.0,Solo
668,Olivia Holt,alt z,2016.0,101.0,2016.0,Solo
669,One Direction,boy band,2015.0,87.0,2016.0,Band/Group
670,OneRepublic,dance pop,2016.0,100.0,2016.0,Band/Group
671,P!nk,dance pop,2016.0,163.0,2016.0,Solo
672,PARTYNEXTDOOR,pop,2016.0,128.0,2016.0,Solo
673,Rihanna,barbadian pop,2016.0,111.0,2016.0,Solo
674,Rihanna,barbadian pop,2016.0,92.0,2016.0,Solo
675,Ruth B.,alt z,2015.0,124.0,2016.0,Solo
676,SAYGRACE,dance pop,2016.0,186.0,2016.0,Solo
677,Selena Gomez,dance pop,2015.0,98.0,2016.0,Solo
678,Selena Gomez,dance pop,2015.0,111.0,2016.0,Solo
679,Shawn Mendes,canadian pop,2017.0,83.0,2016.0,Solo
680,Shawn Mendes,canadian pop,2015.0,114.0,2016.0,Solo
681,Sia,australian dance,2016.0,192.0,2016.0,Solo
682,Sia,australian dance,2016.0,90.0,2016.0,Solo
683,Sigala,dance pop,2018.0,125.0,2016.0,Solo
684,Snakehips,edm,2015.0,95.0,2016.0,Duo
685,Steve Aoki,dance pop,2018.0,115.0,2016.0,Solo
686,The 1975,modern alternative rock,2016.0,101.0,2016.0,Band/Group
687,The 1975,modern alternative rock,2016.0,121.0,2016.0,Band/Group
688,The Chainsmokers,dance pop,2016.0,95.0,2016.0,Duo
689,The Chainsmokers,dance pop,2016.0,160.0,2016.0,Duo
690,The Chainsmokers,dance pop,2015.0,100.0,2016.0,Duo
691,The Lumineers,folk-pop,2016.0,76.0,2016.0,Band/Group
692,The Weeknd,canadian contemporary r&b,2016.0,186.0,2016.0,Solo
693,Timeflies,dance pop,2016.0,105.0,2016.0,Duo
694,Tinie Tempah,dance pop,2016.0,120.0,2016.0,Solo
695,Tove Lo,art pop,2016.0,102.0,2016.0,Solo
696,X Ambassadors,modern alternative rock,2015.0,90.0,2016.0,Band/Group
697,X Ambassadors,modern alternative rock,2015.0,117.0,2016.0,Band/Group
698,Zara Larsson,dance pop,2017.0,146.0,2016.0,Solo
699,ZAYN,dance pop,2016.0,125.0,2016.0,Solo
700,2 Chainz,atl hip hop,2017.0,73.0,2017.0,Solo
701,21 Savage,atl hip hop,2017.0,75.0,2017.0,Solo
702,A Boogie Wit da Hoodie,melodic rap,2017.0,129.0,2017.0,Solo
703,A$AP Ferg,gangster rap,2017.0,170.0,2017.0,Solo
704,AJR,modern rock,2017.0,124.0,2017.0,Trio
705,Aminé,hip hop,2017.0,120.0,2017.0,Solo
706,Axwell /\ Ingrosso,dance pop,2017.0,123.0,2017.0,Duo
707,Ayo & Teo,social media pop,2017.0,145.0,2017.0,Duo
708,Big Sean,detroit hip hop,2017.0,82.0,2017.0,Solo
709,Big Shaq,london rap,2017.0,135.0,2017.0,Solo
710,Billie Eilish,art pop,2017.0,120.0,2017.0,Solo
711,blackbear,electropop,2017.0,111.0,2017.0,Solo
712,Bruno Mars,dance pop,2016.0,134.0,2017.0,Solo
713,Bruno Mars,dance pop,2016.0,107.0,2017.0,Solo
714,Calvin Harris,dance pop,2017.0,101.0,2017.0,Solo
715,Calvin Harris,dance pop,2017.0,104.0,2017.0,Solo
716,Camila Cabello,dance pop,2018.0,105.0,2017.0,Solo
717,Cardi B,dance pop,2018.0,125.0,2017.0,Solo
718,Cheat Codes,dance pop,2017.0,113.0,2017.0,Trio
719,Childish Gambino,atl hip hop,2016.0,160.0,2017.0,Solo
720,Clean Bandit,dance pop,2016.0,102.0,2017.0,Band/Group
721,Demi Lovato,dance pop,2017.0,144.0,2017.0,Solo
722,DJ Khaled,dance pop,2017.0,81.0,2017.0,Solo
723,DJ Khaled,dance pop,2017.0,98.0,2017.0,Solo
724,Drake,canadian hip hop,2017.0,112.0,2017.0,Solo
725,Drake,canadian hip hop,2017.0,134.0,2017.0,Solo
726,Ed Sheeran,pop,2017.0,95.0,2017.0,Solo
727,Ed Sheeran,pop,2017.0,96.0,2017.0,Solo
728,Foster The People,indietronica,2017.0,97.0,2017.0,Band/Group
729,French Montana,gangster rap,2017.0,98.0,2017.0,Solo
730,Future,atl hip hop,2017.0,150.0,2017.0,Solo
731,G-Eazy,indie pop rap,2017.0,88.0,2017.0,Solo
732,G-Eazy,indie pop rap,2017.0,176.0,2017.0,Solo
733,Hailee Steinfeld,dance pop,2017.0,103.0,2017.0,Solo
734,Halsey,dance pop,2017.0,110.0,2017.0,Solo
735,Hayden James,aussietronica,2019.0,148.0,2017.0,Solo
736,Imagine Dragons,modern rock,2017.0,125.0,2017.0,Band/Group
737,Imagine Dragons,modern rock,2017.0,168.0,2017.0,Band/Group
738,Imagine Dragons,modern rock,2017.0,135.0,2017.0,Band/Group
739,Kendrick Lamar,conscious hip hop,2017.0,150.0,2017.0,Solo
740,Kendrick Lamar,conscious hip hop,2017.0,126.0,2017.0,Solo
741,Kendrick Lamar,conscious hip hop,2017.0,140.0,2017.0,Solo
742,Kendrick Lamar,conscious hip hop,2017.0,190.0,2017.0,Solo
743,Khalid,pop,2017.0,137.0,2017.0,Solo
744,Khalid,pop,2017.0,80.0,2017.0,Solo
745,Kodak Black,florida rap,2017.0,172.0,2017.0,Solo
746,KYLE,pop,2016.0,75.0,2017.0,Solo
747,Lana Del Rey,art pop,2017.0,100.0,2017.0,Solo
748,Liam Payne,dance pop,2019.0,106.0,2017.0,Solo
749,Lil Peep,emo rap,2017.0,106.0,2017.0,Solo
750,Lil Pump,emo rap,2017.0,120.0,2017.0,Solo
751,Lil Uzi Vert,melodic rap,2017.0,155.0,2017.0,Solo
752,Little Mix,dance pop,2016.0,102.0,2017.0,Band/Group
753,Logic,conscious hip hop,2017.0,100.0,2017.0,Solo
754,Lorde,art pop,2017.0,76.0,2017.0,Solo
755,Lorde,art pop,2017.0,129.0,2017.0,Solo
756,Lorde,art pop,2017.0,107.0,2017.0,Solo
757,lovelytheband,indie poptimism,2018.0,123.0,2017.0,Band/Group
758,Luis Fonsi,latin,2019.0,178.0,2017.0,Solo
759,Machine Gun Kelly,ohio hip hop,2017.0,138.0,2017.0,Solo
760,Macklemore,pop rap,2017.0,140.0,2017.0,Solo
761,Maroon 5,pop,2018.0,100.0,2017.0,Band/Group
762,Maroon 5,pop,2018.0,100.0,2017.0,Band/Group
763,MGMT,alternative dance,2018.0,98.0,2017.0,Band/Group
764,Migos,atl hip hop,2017.0,127.0,2017.0,Trio
765,Migos,atl hip hop,2017.0,142.0,2017.0,Trio
766,Migos,atl hip hop,2017.0,139.0,2017.0,Trio
767,Miguel,dance pop,2017.0,146.0,2017.0,Solo
768,Miley Cyrus,dance pop,2017.0,140.0,2017.0,Solo
769,MØ,art pop,2017.0,120.0,2017.0,Solo
770,Niall Horan,dance pop,2017.0,86.0,2017.0,Solo
771,Playboi Carti,atl hip hop,2017.0,163.0,2017.0,Solo
772,PNAU,alternative dance,2017.0,120.0,2017.0,Trio
773,Portugal. The Man,indie rock,2017.0,79.0,2017.0,Band/Group
774,Post Malone,dfw rap,2016.0,123.0,2017.0,Solo
775,Post Malone,dfw rap,2016.0,144.0,2017.0,Solo
776,Rae Sremmurd,hip hop,2016.0,140.0,2017.0,Duo
777,Rae Sremmurd,hip hop,2016.0,146.0,2017.0,Duo
778,Rob $tone,san diego rap,2016.0,108.0,2017.0,Solo
779,Russ,hawaiian hip hop,2017.0,97.0,2017.0,Solo
780,Sam Smith,dance pop,2017.0,92.0,2017.0,Solo
781,Sean Paul,dance pop,2018.0,102.0,2017.0,Solo
782,Selena Gomez,dance pop,2017.0,123.0,2017.0,Solo
783,Shelley FKA DRAM,alternative r&b,2016.0,146.0,2017.0,Solo
784,Snakehips,edm,2017.0,122.0,2017.0,Duo
785,SZA,pop,2017.0,135.0,2017.0,Solo
786,Taylor Swift,pop,2017.0,128.0,2017.0,Solo
787,Taylor Swift,pop,2017.0,160.0,2017.0,Solo
788,The Chainsmokers,dance pop,2017.0,103.0,2017.0,Duo
789,The Chainsmokers,dance pop,2017.0,100.0,2017.0,Duo
790,The Vamps,boy band,2017.0,145.0,2017.0,Duo
791,The Vamps,boy band,2017.0,130.0,2017.0,Duo
792,The Weeknd,canadian contemporary r&b,2016.0,93.0,2017.0,Solo
793,Travis Scott,hip hop,2016.0,130.0,2017.0,Solo
794,Travis Scott,hip hop,2018.0,141.0,2017.0,Solo
795,XXXTENTACION,emo rap,2017.0,134.0,2017.0,Solo
796,Yo Gotti,dirty south rap,2017.0,150.0,2017.0,Solo
797,Zara Larsson,dance pop,2017.0,121.0,2017.0,Solo
798,Zay Hilfigerrr,hip hop,2016.0,161.0,2017.0,Solo
799,Zedd,complextro,2017.0,102.0,2017.0,Solo
800,5 Seconds of Summer,boy band,2018.0,120.0,2018.0,Band/Group
801,6ix9ine,emo rap,2018.0,126.0,2018.0,Solo
802,6ix9ine,emo rap,2018.0,157.0,2018.0,Solo
803,Ariana Grande,dance pop,2018.0,145.0,2018.0,Solo
804,Ariana Grande,dance pop,2018.0,122.0,2018.0,Solo
805,B Young,afroswing,2018.0,96.0,2018.0,Solo
806,Banx & Ranx,basshall,2018.0,113.0,2018.0,Duo
807,Bazzi,dance pop,2018.0,143.0,2018.0,Solo
808,benny blanco,electropop,2018.0,89.0,2018.0,Solo
809,Billie Eilish,art pop,2018.0,115.0,2018.0,Solo
810,BlocBoy JB,memphis hip hop,2018.0,140.0,2018.0,Solo
811,Bruno Mars,dance pop,2017.0,105.0,2018.0,Solo
812,Calvin Harris,dance pop,2018.0,124.0,2018.0,Solo
813,Camila Cabello,dance pop,2018.0,130.0,2018.0,Solo
814,Cardi B,dance pop,2018.0,136.0,2018.0,Solo
815,Cardi B,dance pop,2018.0,125.0,2018.0,Solo
816,Cardi B,dance pop,2018.0,152.0,2018.0,Solo
817,Cashmere Cat,dance pop,2018.0,100.0,2018.0,Solo
818,Charlie Puth,dance pop,2018.0,110.0,2018.0,Solo
819,Charlie Puth,dance pop,2018.0,112.0,2018.0,Solo
820,Charlie Puth,dance pop,2018.0,115.0,2018.0,Solo
821,Childish Gambino,atl hip hop,2018.0,120.0,2018.0,Solo
822,Dan + Shay,contemporary country,2018.0,86.0,2018.0,Duo
823,Dennis Lloyd,israeli pop,2017.0,100.0,2018.0,Solo
824,DJ Khaled,dance pop,2018.0,136.0,2018.0,Solo
825,Drake,canadian hip hop,2018.0,77.0,2018.0,Solo
826,Drake,canadian hip hop,2018.0,155.0,2018.0,Solo
827,Drake,canadian hip hop,2018.0,93.0,2018.0,Solo
828,Drake,canadian hip hop,2018.0,91.0,2018.0,Solo
829,Drake,canadian hip hop,2018.0,150.0,2018.0,Solo
830,Dua Lipa,dance pop,2017.0,97.0,2018.0,Solo
831,Dynoro,edm,2018.0,126.0,2018.0,Solo
832,Ella Mai,dance pop,2018.0,80.0,2018.0,Solo
833,Ella Mai,dance pop,2017.0,82.0,2018.0,Solo
834,Eminem,detroit hip hop,2017.0,90.0,2018.0,Solo
835,EO,afroswing,2018.0,103.0,2018.0,Solo
836,FINNEAS,alt z,2018.0,128.0,2018.0,Solo
837,Florida Georgia Line,contemporary country,2019.0,200.0,2018.0,Duo
838,G-Eazy,indie pop rap,2017.0,88.0,2018.0,Solo
839,George Ezra,folk-pop,2018.0,116.0,2018.0,Solo
840,George Ezra,folk-pop,2018.0,138.0,2018.0,Solo
841,girl in red,bedroom pop,2018.0,130.0,2018.0,Solo
842,Hailee Steinfeld,dance pop,2017.0,103.0,2018.0,Solo
843,Halsey,dance pop,2017.0,118.0,2018.0,Solo
844,Hugh Jackman,hollywood,2017.0,158.0,2018.0,Band/Group
845,Imagine Dragons,modern rock,2018.0,100.0,2018.0,Band/Group
846,Janelle Monáe,afrofuturism,2018.0,115.0,2018.0,Solo
847,Jason Aldean,contemporary country,2018.0,132.0,2018.0,Solo
848,Jay Rock,conscious hip hop,2018.0,137.0,2018.0,Solo
849,Jonas Blue,dance pop,2018.0,106.0,2018.0,Solo
850,Juice WRLD,chicago rap,2018.0,84.0,2018.0,Solo
851,Kendrick Lamar,conscious hip hop,2017.0,126.0,2018.0,Solo
852,Kendrick Lamar,conscious hip hop,2018.0,97.0,2018.0,Solo
853,Khalid,pop,2018.0,144.0,2018.0,Solo
854,King Princess,alt z,2018.0,72.0,2018.0,Solo
855,Lauv,dance pop,2018.0,92.0,2018.0,Solo
856,Lil Baby,atl hip hop,2018.0,120.0,2018.0,Solo
857,Lil Dicky,comedy rap,2018.0,133.0,2018.0,Solo
858,Logic,conscious hip hop,2018.0,150.0,2018.0,Solo
859,Loud Luxury,dance pop,2017.0,122.0,2018.0,Duo
860,M.O,afroswing,2018.0,110.0,2018.0,Band/Group
861,Machine Gun Kelly,ohio hip hop,2017.0,82.0,2018.0,Solo
862,Maluma,latin,2018.0,198.0,2018.0,Solo
863,Maroon 5,pop,2018.0,126.0,2018.0,Band/Group
864,Marshmello,brostep,2018.0,100.0,2018.0,Solo
865,Marshmello,brostep,2017.0,142.0,2018.0,Solo
866,Marshmello,brostep,2018.0,95.0,2018.0,Solo
867,Marshmello,brostep,2018.0,150.0,2018.0,Solo
868,Migos,atl hip hop,2018.0,146.0,2018.0,Trio
869,Migos,atl hip hop,2018.0,138.0,2018.0,Trio
870,Migos,atl hip hop,2018.0,182.0,2018.0,Trio
871,MK,dance pop,2017.0,122.0,2018.0,Solo
872,NF,hip hop,2017.0,148.0,2018.0,Solo
873,Nio Garcia,latin,2018.0,97.0,2018.0,Solo
874,Offset,atl hip hop,2017.0,100.0,2018.0,Solo
875,Ozuna,latin,2018.0,94.0,2018.0,Solo
876,Piso 21,colombian pop,2018.0,170.0,2018.0,Band/Group
877,Post Malone,dfw rap,2018.0,160.0,2018.0,Solo
878,Post Malone,dfw rap,2018.0,145.0,2018.0,Solo
879,Post Malone,dfw rap,2018.0,140.0,2018.0,Solo
880,Rae Sremmurd,hip hop,2018.0,174.0,2018.0,Duo
881,Rich The Kid,atl hip hop,2018.0,95.0,2018.0,Solo
882,Sheck Wes,rap,2018.0,146.0,2018.0,Solo
883,Sigrid,dance pop,2019.0,115.0,2018.0,Solo
884,Taylor Swift,pop,2017.0,95.0,2018.0,Solo
885,The 1975,modern alternative rock,2018.0,121.0,2018.0,Band/Group
886,The Chainsmokers,dance pop,2018.0,105.0,2018.0,Duo
887,The Chainsmokers,dance pop,2018.0,90.0,2018.0,Duo
888,The Weeknd,canadian contemporary r&b,2018.0,134.0,2018.0,Solo
889,The Weeknd,canadian contemporary r&b,2018.0,101.0,2018.0,Solo
890,Tiësto,big room,2018.0,128.0,2018.0,Solo
891,Travis Scott,hip hop,2018.0,155.0,2018.0,Solo
892,Tyga,dance pop,2018.0,98.0,2018.0,Solo
893,Vance Joy,folk-pop,2018.0,100.0,2018.0,Solo
894,XXXTENTACION,emo rap,2018.0,75.0,2018.0,Solo
895,XXXTENTACION,emo rap,2018.0,128.0,2018.0,Solo
896,XXXTENTACION,emo rap,2018.0,65.0,2018.0,Solo
897,Years & Years,dance pop,2018.0,104.0,2018.0,Band/Group
898,YG,cali rap,2018.0,204.0,2018.0,Solo
899,Zedd,complextro,2018.0,107.0,2018.0,Solo
900,21 Savage,atl hip hop,2018.0,146.0,2019.0,Solo
901,5 Seconds of Summer,boy band,2020.0,176.0,2019.0,Band/Group
902,A Boogie Wit da Hoodie,melodic rap,2018.0,93.0,2019.0,Solo
903,A Boogie Wit da Hoodie,melodic rap,2018.0,96.0,2019.0,Solo
904,AJ Tracey,grime,2019.0,134.0,2019.0,Solo
905,Anuel AA,latin,2019.0,105.0,2019.0,Solo
906,Anuel AA,latin,2019.0,92.0,2019.0,Solo
907,Ariana Grande,dance pop,2019.0,140.0,2019.0,Solo
908,Ariana Grande,dance pop,2019.0,107.0,2019.0,Solo
909,Ariana Grande,dance pop,2019.0,170.0,2019.0,Solo
910,Ariana Grande,dance pop,2019.0,190.0,2019.0,Solo
911,Ashley O,pop,2019.0,125.0,2019.0,Solo
912,Bad Bunny,latin,2019.0,176.0,2019.0,Solo
913,Bad Bunny,latin,2018.0,97.0,2019.0,Solo
914,Billie Eilish,art pop,2018.0,115.0,2019.0,Solo
915,Billie Eilish,art pop,2019.0,135.0,2019.0,Solo
916,Billie Eilish,art pop,2019.0,83.0,2019.0,Solo
917,Billie Eilish,art pop,2019.0,120.0,2019.0,Solo
918,BLACKPINK,k-pop,2019.0,132.0,2019.0,Band/Group
919,Blanco Brown,black americana,2019.0,98.0,2019.0,Solo
920,Blueface,cali rap,2018.0,104.0,2019.0,Solo
921,BTS,k-pop,2019.0,120.0,2019.0,Band/Group
922,Cardi B,dance pop,2019.0,134.0,2019.0,Solo
923,Cardi B,dance pop,2018.0,130.0,2019.0,Solo
924,DaBaby,north carolina hip hop,2019.0,75.0,2019.0,Solo
925,Dave,uk hip hop,2019.0,110.0,2019.0,Solo
926,Doja Cat,dance pop,2019.0,170.0,2019.0,Solo
927,Dominic Fike,alternative pop rock,2018.0,152.0,2019.0,Solo
928,Drake,canadian hip hop,2019.0,101.0,2019.0,Solo
929,Dua Lipa,dance pop,2019.0,124.0,2019.0,Solo
930,Ed Sheeran,pop,2019.0,138.0,2019.0,Solo
931,Ed Sheeran,pop,2019.0,95.0,2019.0,Solo
932,Ed Sheeran,pop,2019.0,152.0,2019.0,Solo
933,Flipp Dinero,melodic rap,2019.0,150.0,2019.0,Solo
934,Gesaffelstein,dark clubbing,2019.0,101.0,2019.0,Solo
935,Halsey,dance pop,2018.0,136.0,2019.0,Solo
936,iann dior,melodic rap,2019.0,81.0,2019.0,Solo
937,iann dior,melodic rap,2019.0,95.0,2019.0,Solo
938,J. Cole,conscious hip hop,2019.0,124.0,2019.0,Solo
939,Jax Jones,dance pop,2019.0,122.0,2019.0,Solo
940,Joel Corry,dance pop,2019.0,125.0,2019.0,Solo
941,Jonas Brothers,boy band,2019.0,138.0,2019.0,Band/Group
942,Jonas Brothers,boy band,2019.0,94.0,2019.0,Band/Group
943,Juice WRLD,chicago rap,2019.0,80.0,2019.0,Solo
944,Kane Brown,black americana,2019.0,154.0,2019.0,Solo
945,Kehlani,dance pop,2019.0,146.0,2019.0,Solo
946,Khalid,pop,2018.0,98.0,2019.0,Solo
947,Khalid,pop,2019.0,136.0,2019.0,Solo
948,Kodak Black,florida rap,2018.0,98.0,2019.0,Solo
949,Lady Gaga,art pop,2018.0,96.0,2019.0,Solo
950,Lana Del Rey,art pop,2019.0,145.0,2019.0,Solo
951,Lauv,dance pop,2020.0,102.0,2019.0,Solo
952,Lewis Capaldi,pop,2019.0,110.0,2019.0,Solo
953,Lewis Capaldi,pop,2019.0,104.0,2019.0,Solo
954,Lil Nas X,lgbtq+ hip hop,2019.0,136.0,2019.0,Solo
955,Lil Nas X,lgbtq+ hip hop,2019.0,136.0,2019.0,Solo
956,Lil Nas X,lgbtq+ hip hop,2019.0,154.0,2019.0,Solo
957,Lil Tecca,melodic rap,2019.0,180.0,2019.0,Solo
958,Lizzo,dance pop,2019.0,158.0,2019.0,Solo
959,Lizzo,dance pop,2019.0,96.0,2019.0,Solo
960,Lunay,latin,2019.0,92.0,2019.0,Solo
961,Maggie Rogers,indie pop,2019.0,102.0,2019.0,Solo
962,Mark Ronson,dance pop,2018.0,114.0,2019.0,Solo
963,Marshmello,brostep,2019.0,100.0,2019.0,Solo
964,Marshmello,brostep,2019.0,88.0,2019.0,Solo
965,MEDUZA,edm,2019.0,124.0,2019.0,Band/Group
966,Meek Mill,hip hop,2018.0,86.0,2019.0,Solo
967,Megan Thee Stallion,dance pop,2019.0,99.0,2019.0,Solo
968,Miley Cyrus,dance pop,2019.0,148.0,2019.0,Solo
969,Mustard,cali rap,2019.0,202.0,2019.0,Solo
970,NLE Choppa,memphis hip hop,2019.0,120.0,2019.0,Solo
971,Normani,dance pop,2019.0,171.0,2019.0,Solo
972,NSG,afro dancehall,2020.0,102.0,2019.0,Band/Group
973,Offset,atl hip hop,2019.0,140.0,2019.0,Solo
974,Panic! At The Disco,modern rock,2018.0,82.0,2019.0,Band/Group
975,Paulo Londra,argentine hip hop,2019.0,172.0,2019.0,Solo
976,Polo G,chicago rap,2019.0,168.0,2019.0,Solo
977,Post Malone,dfw rap,2019.0,120.0,2019.0,Solo
978,Post Malone,dfw rap,2018.0,145.0,2019.0,Solo
979,Post Malone,dfw rap,2019.0,90.0,2019.0,Solo
980,Post Malone,dfw rap,2019.0,100.0,2019.0,Solo
981,Post Malone,dfw rap,2019.0,150.0,2019.0,Solo
982,Queen,classic rock,1975.0,144.0,2019.0,Band/Group
983,Regard,dance pop,2019.0,118.0,2019.0,Solo
984,Russ Millions,uk drill,2019.0,141.0,2019.0,Solo
985,Sam Feldt,dance pop,2019.0,107.0,2019.0,Solo
986,Saweetie,cali rap,2019.0,105.0,2019.0,Solo
987,Sech,latin,2019.0,176.0,2019.0,Solo
988,Shawn Mendes,canadian pop,2019.0,117.0,2019.0,Solo
989,Shawn Mendes,canadian pop,2019.0,124.0,2019.0,Solo
990,Sigrid,dance pop,2019.0,120.0,2019.0,Solo
991,Stormzy,grime,2019.0,188.0,2019.0,Solo
992,Taylor Swift,pop,2019.0,69.0,2019.0,Solo
993,Taylor Swift,pop,2019.0,170.0,2019.0,Solo
994,Taylor Swift,pop,2019.0,85.0,2019.0,Solo
995,Travis Scott,hip hop,2018.0,155.0,2019.0,Solo
996,"Tyler, The Creator",hip hop,2019.0,80.0,2019.0,Solo
997,Wiley,grime,2019.0,103.0,2019.0,Solo
998,Young T & Bugsey,afroswing,2019.0,138.0,2019.0,Duo
999,Young Thug,atl hip hop,2019.0,98.0,2019.0,Solo
1000,,,,,,
1001,,,,,,
1002,,,,,,
